Address,Id,IsLocked,Geom,TotalPlaces,TotalOrdinaryPlaces,TotalElectricPlaces,FreeOrdinaryPlaces,FreeElectricPlaces
ст. м. Кропоткинская (выход к Гоголевскому бульвару),0001,False,POINT (37.6020183 55.7449006),12,12,0,2,0
"ул. Профсоюзная, д.109, Вс.1 (ст. м. Коньково, выход №10)",0387,False,POINT (37.5205529 55.6337498),12,12,0,10,0
"ул. Новосущёвская, д.22, стр.8",0413,False,POINT (37.6044645 55.7896632),12,12,0,1,0
"ул. Образцова, д.19А",0414,False,POINT (37.6098375 55.7892041),12,12,0,9,0
Гоголевский б-р (напротив д.33),0003,False,POINT (37.6005927778 55.7509180556),12,12,0,3,0
"Газетный пер., д.6",0007,False,POINT (37.6086772 55.7574181),30,30,0,11,0
"Тверской б-р (напротив д.17, стр.1)",0008,False,POINT (37.601473 55.761072),14,14,0,11,0
Тверской б-р (напротив д.28),0009,False,POINT (37.6052356 55.7646115),20,20,0,8,0
Страстной б-р (напротив д.8А),0010,False,POINT (37.6094894444 55.7667105556),14,14,0,11,0
"ул. Мясницкая, д.10",0016,False,POINT (37.6316201 55.7599141),10,10,0,4,0
"Чистопрудный б-р (напротив д.12, стр.1)",0018,False,POINT (37.645665 55.760381),14,14,0,9,0
"Покровский б-р (напротив д.18, стр.18)",0021,False,POINT (37.6473502778 55.7533283333),8,8,0,6,0
"Театральный пр-д, д.5, стр.1 (ст. м. Лубянка)",0013,False,POINT (37.6257601 55.7598405),14,14,0,4,0
Фрунзенская наб. (напротив д.4),0200,False,POINT (37.596925 55.7335583333),16,16,0,6,0
Фрунзенская наб. (пересеч. с 1-ой Фрунзенской ул.),0201,False,POINT (37.5898638889 55.7257472222),32,32,0,7,0
Фрунзенская наб. (пересеч. со 2-й Фрунзенской ул.),0204,False,POINT (37.5864 55.72175),12,12,0,8,0
Фрунзенская наб. (пересеч. с 3-ей Фрунзенской ул.),0206,False,POINT (37.5834861111 55.7191972222),14,14,0,4,0
"Фрунзенская наб, д. 54 (пересеч. с ул. Хамовнический Вал)",0207,False,POINT (37.5779888889 55.7155083333),32,32,0,8,0
Лужнецкая наб. (пересеч. с Новолужнецким пр.),0210,False,POINT (37.5695222222 55.7125583333),45,45,0,2,0
"Зубовский б-р, д.5, стр.1 (ст. м. Парк Культуры)",0100,False,POINT (37.5937289 55.7351049),42,42,0,15,0
Комсомольский пр-т (пересеч. с 1-ой Фрунзенской ул.),0202,False,POINT (37.583821 55.727509),12,12,0,3,0
Комсомольский пр-т (пересеч. со 2-ой Фрунзенской ул.),0203,False,POINT (37.579058 55.724242),9,9,0,9,0
Комсомольский пр-т (пересеч. с 3-ей Фрунзенской ул.),0205,False,POINT (37.575858 55.721972),12,12,0,8,0
ст. м. Спортивная (выход №1),0209,False,POINT (37.561961 55.721468),48,24,24,18,6
ст. м. Воробьёвы горы (Лужники),0211,True,POINT (37.5611711 55.7113296),48,48,0,48,0
ул. Большая Пироговская (напротив д.6/25),0216,False,POINT (37.581356 55.736464),12,12,0,0,0
"ул. Большая Пироговская (напротив д.15/18, стр.1)",0215,False,POINT (37.575489 55.733867),21,21,0,4,0
"Комсомольский пр-т, д.28 (ст. м. Фрунзенская)",0218,False,POINT (37.580778 55.726481),24,24,0,13,0
"ул. Большая Пироговская, д.2, стр.4",0214,False,POINT (37.569297 55.731139),12,12,0,8,0
ул. Большая Пироговская (на площади Новодевичьего Монастыря),0213,False,POINT (37.559608 55.726908),18,18,0,8,0
"Комсомольский пр-т, д.48/22 (дублёр, пересеч. с ул. Хамовнический Вал)",0219,False,POINT (37.570481 55.719322),12,12,0,9,0
"ул. Садовая-Самотечная, д.8",0120,False,POINT (37.614186 55.773194),18,18,0,5,0
"ул. Сущёвский Вал, д.2",0415,False,POINT (37.5905396 55.7914268),12,12,0,7,0
"ул. Советской Армии, д.8",0421,False,POINT (37.6170397 55.787541),12,12,0,4,0
"ул. Шереметьевская, д.27",0423,False,POINT (37.6155506 55.8032637),12,12,0,12,0
"Олимпийский пр-т, д.22",0431,False,POINT (37.6225279 55.7861479),12,12,0,6,0
"пр-т Мира, д.40 (рядом со ст. м. Проспект Мира (кольцевая))",0440,False,POINT (37.6334722 55.7804054),12,12,0,6,0
"ул. Сельскохозяйственная, д.17, к.1",0451,False,POINT (37.6365455 55.837238),12,12,0,0,0
"ул. Правды, д.4/19",0460,False,POINT (37.5765806 55.7835199),12,12,0,8,0
"Орликов пер., д.3, стр.7  (со стороны пр. Академика Сахарова)",0461,False,POINT (37.6465038 55.7720802),12,12,0,9,0
"Рязанский пр., Комсомольская пл., д.2",0462,False,POINT (37.6548139 55.7723539),12,12,0,5,0
"Олимпийский пр-т, д.14",0430,False,POINT (37.6225146 55.7791071),12,12,0,1,0
"ул. Дмитрия Ульянова, д.22, к.1 (ст. м. Академическая)",0351,False,POINT (37.572725 55.6880358),18,18,0,16,0
"пр-т Мира, д.11",0439,False,POINT (37.6320952 55.7761657),12,12,0,7,0
"Пресненская наб., д.6, стр.2 (Москва-Сити, башня Империя)",0250,False,POINT (37.5393069 55.7481479),33,12,21,3,9
"ул. Дмитрия Ульянова, д.46",0396,False,POINT (37.5953863 55.6794909),12,12,0,11,0
ул. Новаторов (пересечение с ул. Воронцовские Пруды),0338,True,POINT (37.5268164 55.6667781),12,12,0,11,0
"ул. Академика Пилюгина, д.18",0337,False,POINT (37.5341468 55.668303),12,12,0,7,0
"Балаклавский пр-т, д.16 (ст. м. Чертановская, выход №3)",0328,False,POINT (37.604728 55.6416745),12,12,0,3,0
"ул. Вавилова, д.24",0307,False,POINT (37.5775101 55.7012679),12,12,0,4,0
"ул. 10-летия Октября (напротив д.29, к.3, ст. м. Спортивная, выход №2)",0208,False,POINT (37.565242 55.723833),18,18,0,4,0
"ул. Пушечная, д.11",0028,False,POINT (37.6248436 55.7606867),12,12,0,8,0
"ул. Косыгина, д.2, стр.19",0345,False,POINT (37.576594 55.708218),12,12,0,8,0
"ул. Косыгина, д.8, стр.2",0344,False,POINT (37.564743 55.706876),12,12,0,3,0
"ул. Вавилова, д.55/7",0350,False,POINT (37.562443 55.691614),15,15,0,6,0
"Нахимовский пр-т, д.46 (ст. м. Профсоюзная, выход №3)",0362,False,POINT (37.561994 55.678516),15,15,0,3,0
"Москворецкая наб. (Китайгородский пр., д.9, стр.2)",0023,False,POINT (37.632794 55.749635),21,21,0,8,0
"ул. Маросейка, д.9",0038,False,POINT (37.634929 55.7576991),12,12,0,9,0
"ул. Пятницкая, д.42",0077,True,POINT (37.628275 55.737812),10,10,0,4,0
"ул. Краснопролетарская (напротив д.2/4, стр.3)",0119,False,POINT (37.6086074 55.7735332),12,12,0,3,0
"ул. Большая Полянка, д.33/41, стр.1",0073,False,POINT (37.6195157 55.7362414),12,12,0,4,0
"Кутузовский пр-т, д.7/4, стр.1",0246,False,POINT (37.5622227 55.7490298),12,12,0,6,0
"Нахимовский пр-т, д.24",0363,False,POINT (37.5838691 55.6712381),12,12,0,8,0
"ул. Марии Ульяновой, д.16",0364,False,POINT (37.5201069 55.6836121),12,12,0,5,0
"ул. Гарибальди, д.1А",0365,False,POINT (37.5326129 55.6787267),12,12,0,7,0
"Нагорный б-р, д.7",0366,False,POINT (37.5950285 55.6731877),12,12,0,11,0
"Севастопольский пр-т, д.28, к.4",0367,False,POINT (37.5766175 55.6620326),12,12,0,3,0
"Симферопольский б-р, д.4",0368,False,POINT (37.6080312 55.6592363),12,12,0,3,0
"ул. Воронцовские Пруды, д.3",0370,False,POINT (37.5389143 55.6649089),12,12,0,9,0
"ул. Новочерёмушкинская, д.71/32",0371,False,POINT (37.5595989 55.6608021),12,12,0,1,0
"ул. Тверская, д.8",0029,False,POINT (37.60962 55.762079),20,20,0,10,0
"Ломоносовский пр-т (дублёр), д.27",0357,False,POINT (37.523769 55.699342),12,12,0,6,0
"Большой Патриарший пер., д.7",0043,False,POINT (37.59311 55.763584),12,12,0,9,0
"ул. Каховка, д.29А",0372,False,POINT (37.5704328 55.656695),12,12,0,6,0
"ул. Обручева, д.33А",0374,False,POINT (37.5529893 55.6512748),12,12,0,3,0
"ул. Обручева, д.65/54",0375,False,POINT (37.5639941 55.6502405),12,12,0,9,0
"Балаклавский пр-т, д.34, к.1",0376,False,POINT (37.5820766 55.6450878),12,12,0,5,0
"ул. Академика Волгина, д.21",0381,False,POINT (37.5137244 55.6477514),12,12,0,1,0
"ул. Островитянова, д.7",0385,False,POINT (37.4953587 55.6440884),12,12,0,5,0
"ул. Советской Армии, д.2, стр.1",0420,False,POINT (37.6163822 55.785259),12,12,0,4,0
"пр-т Мира, д.41, стр.2",0441,False,POINT (37.6317848 55.7815506),12,12,0,0,0
"ул. Сергея Эйзенштейна, д.1",0445,False,POINT (37.647529 55.8277664),12,12,0,10,0
"ул. Академика Королёва, д.8А",0470,False,POINT (37.623526 55.8217153),12,12,0,7,0
"ул. Яблочкова, д.18",0480,False,POINT (37.5807216 55.8205976),12,12,0,10,0
"ул. Милашенкова, д.12Д",0481,False,POINT (37.5805768 55.8278585),12,12,0,7,0
"ул. Руставели, д.12/13",0482,False,POINT (37.5942708 55.8133394),12,12,0,6,0
"ул. 26-ти Бакинских Комиссаров, д.2Б",0389,False,POINT (37.4954392 55.6558941),12,12,0,6,0
"ул. Ботаническая, д.4, стр.6",0464,False,POINT (37.6010653 55.8302838),33,33,0,10,0
"1-я Останкинская ул., д.1",0465,False,POINT (37.617075 55.8243764),24,24,0,5,0
"ул. Академика Королёва, д.15, к.2",0469,False,POINT (37.6159792 55.8189299),12,12,0,6,0
"ул. Пятницкая, д.2/38",0080,False,POINT (37.6265178 55.7456921),12,12,0,1,0
"ул. Большая Татарская, д.19/13",0081,False,POINT (37.6333164 55.7398418),12,12,0,4,0
"ул. Большая Татарская, д.35",0084,False,POINT (37.6352882 55.7373622),12,12,0,1,0
"Котельническая наб., д.1",0085,False,POINT (37.645458 55.7483533),12,12,0,0,0
"ул. Мясницкая, д.11",0060,False,POINT (37.6331175 55.7617374),12,12,0,3,0
"ул. Академика Волгина, д.6",0390,False,POINT (37.5192587 55.6527248),12,12,0,8,0
"ул. Профсоюзная, д.88/20",0336,False,POINT (37.5323146 55.6505176),12,12,0,7,0
"Нахимовский пр-т, д.51/21 (ст. м. Профсоюзная, выход №7)",0394,False,POINT (37.5629419 55.6771438),12,12,0,3,0
ул. Болотниковская (парк им. 70-ти летия Победы),0309,False,POINT (37.5710478 55.6651369),12,12,0,7,0
"ул. Селезнёвская, д.28",0407,False,POINT (37.6079968 55.7806984),12,12,0,5,0
"пл. Европы, д.2 (у пешеходного моста)",0245,False,POINT (37.5693018 55.7421679),36,18,18,10,8
"Чонгарский б-р, д.1, к.1 (ст. м. Варшавская, выход №2)",0398,False,POINT (37.6180912 55.6530518),12,12,0,6,0
"ул. Б. Дорогомиловская, д.7/2",0248,False,POINT (37.5572575 55.746226),12,12,0,2,0
"ул. Сущёвский Вал, д.16, стр.1",0416,False,POINT (37.6023012 55.7924677),12,12,0,3,0
ст. м. Владыкино,0453,False,POINT (37.5897749 55.8459731),24,24,0,12,0
"Дмитровское ш., д.13А, к.3 (ст. м. Тимирязевская)",0485,False,POINT (37.5741987 55.8191407),12,12,0,7,0
"ул. Лобачевского, д.2, стр.1",0324,False,POINT (37.5091053 55.6638804),10,10,0,10,0
"Никитский б-р (напротив д.11/12, стр.3)",0005,False,POINT (37.5999825 55.7553104),12,12,0,5,0
"Чистопрудный б-р (напротив  д.8, стр.1)",0017,False,POINT (37.641671 55.763247),8,8,0,7,0
"ул. Миклухо-Маклая, д.6",0380,False,POINT (37.5006237 55.6533607),12,12,0,1,0
ст. м. Ленинский проспект (южный вестибюль),0323,False,POINT (37.58531 55.70674),24,24,0,13,0
"ул. Мясницкая, д.39, стр.1",0049,False,POINT (37.641517 55.76728),10,10,0,4,0
"ул. Мастеркова, д.3 (ст. м. Автозаводская)",0603,False,POINT (37.657647 55.7082873),15,15,0,0,0
"ул. Советской Армии, д.17/52",0422,False,POINT (37.6158903 55.792512),12,12,0,7,0
"ул. Чаянова, д.15",0404,False,POINT (37.5959992 55.776466),12,12,0,6,0
"ул. Малая Никитская, д.24, стр.2",0004,False,POINT (37.5874544 55.7591806),12,12,0,2,0
"ул. Самотечная, д.9",0412,False,POINT (37.6182931 55.776646),12,12,0,7,0
"Продольный пр-д, д.115А (ст. м. ВДНХ, северный вестибюль)",0475,False,POINT (37.6414493 55.8224303),24,24,0,0,0
"ул. Большая Дмитровка, д.2",0031,False,POINT (37.616547 55.759165),12,12,0,1,0
"Кремлёвская наб., д.1",0022,False,POINT (37.6101276 55.7464818),15,15,0,7,0
"ул. Каланчёвская, д.15А",0459,False,POINT (37.6520953 55.7724956),12,12,0,5,0
"Гоголевский б-р (напротив д.17, стр.1)",0002,False,POINT (37.5997037 55.7468663),14,14,0,4,0
"ул. Кржижановского, вл.22, стр.2",0305,False,POINT (37.5745946 55.678373),12,12,0,4,0
"ул. Покровка, д.7/9-11",0039,False,POINT (37.642574 55.759038),22,22,0,6,0
"Серебряническая наб., д.29",0058,False,POINT (37.654944 55.750628),12,12,0,2,0
"Космодамианская наб., д.46/50",0072,False,POINT (37.645943 55.7364956),20,20,0,1,0
Университетская пл. (напротив ГЗ МГУ),0349,True,POINT (37.535522 55.706203),24,24,0,24,0
"ул. Профсоюзная, д.91 (ст. м. Беляево, южный вестибюль)",0382,False,POINT (37.526472 55.642252),12,12,0,11,0
"ул. Введенского, д.13А",0379,True,POINT (37.541377 55.642636),12,12,0,0,0
"ул. Косыгина, д.18, стр.1",0343,False,POINT (37.554776 55.706491),24,24,0,1,0
"Ленинский пр-т, д.45",0318,False,POINT (37.5731731 55.7032184),12,12,0,5,0
"Ленинский пр-т, д.79",0321,False,POINT (37.540695 55.6841473),12,12,0,9,0
"ул. Профсоюзная, д.58/32, к.2 (ст. м. Новые Черёмушки, выход №3)",0332,False,POINT (37.5529925 55.6689814),24,24,0,17,0
"ул. Профсоюзная, д.61А (ст. м. Калужская)",0333,False,POINT (37.5397093 55.6560575),12,12,0,0,0
"пр-т Мира, д.97",0443,False,POINT (37.636561 55.8086515),12,12,0,6,0
"ул. Академика Королёва, д.12Б",0471,False,POINT (37.6095579 55.8218255),12,12,0,10,0
"ул. Шереметьевская, д.2 (ст. м. Марьина Роща, выход №5)",0417,False,POINT (37.6168972 55.7935234),12,12,0,12,0
"ул. Верхняя Радищевская, д.22 (ст. м. Таганская)",0146,False,POINT (37.65385 55.74229),12,12,0,12,0
"Нахимовский пр-т, д.45, стр.1",0393,False,POINT (37.5708842 55.6748694),12,12,0,5,0
"ул. Малая Грузинская, д.19/2",0236,False,POINT (37.5719413 55.7654099),12,12,0,10,0
"ул. Обручева, д.16, к.1",0339,False,POINT (37.5145855 55.6589469),12,12,0,7,0
ст. м. Сокольники,0489,False,POINT (37.679857 55.789152),24,24,0,16,0
"ул. Руставели (напротив д.6, к.5)",0484,False,POINT (37.5880136 55.8126995),12,12,0,9,0
"ул. Черняховского, д.4А",0528,False,POINT (37.53454 55.80364),15,15,0,10,0
"Симферопольский б-р, д.15, к.5",0399,False,POINT (37.6057778 55.653513),12,12,0,7,0
"ул. Вавилова, д.17",0308,False,POINT (37.579688 55.7015839),12,12,0,6,0
"ул. Мосфильмовская, д.1, стр.4",0342,False,POINT (37.5300029 55.7233339),12,12,0,5,0
"ул. Сокольнический Вал, д.8",0478,False,POINT (37.6599869 55.7925135),24,24,0,6,0
"ул. Стромынка, д.13 (пересеч. с ул. Короленко)",0491,False,POINT (37.6944615 55.7940252),15,15,0,7,0
"ул. Маленковская, д.25",0488,False,POINT (37.6759952 55.7865463),15,15,0,8,0
"ул. Стромынка, д.20 (Технологический университет)",0492,False,POINT (37.6994467 55.7943402),21,21,0,4,0
"пр-т Мира, д.102, к.2",0434,False,POINT (37.6363469 55.8016402),18,18,0,4,0
"пр-т Мира, д.114Б, стр.2 (ст. м. Алексеевская)",0435,False,POINT (37.6376553 55.807908),24,24,0,21,0
"ул. Люсиновская, д.48/50, к.10 (пересеч. с ул. Павла Андреева)",0262,False,POINT (37.6220242 55.7209237),12,12,0,10,0
"4-й Добрынинский пер., д.2/10",0261,False,POINT (37.6197354 55.7273527),12,12,0,1,0
"3-я Рыбинская ул., д.30",0477,False,POINT (37.663779 55.7888271),9,9,0,0,0
"ул. Усиевича, д.12-14",0526,False,POINT (37.528 55.80559),15,15,0,10,0
"ул. Черняховского, д.15/2, к.1",0527,False,POINT (37.53773 55.80669),15,15,0,8,0
"ул. Маломосковская, д.22, стр.1",0438,False,POINT (37.6531 55.81177),15,15,0,11,0
"Покровский б-р (напротив д.8, стр.1)",0019,False,POINT (37.647211 55.757313),8,8,0,5,0
"Камергерский пер., д.4",0030,False,POINT (37.612442 55.759361),14,14,0,8,0
"ул. Островитянова, д.29/120 (ст. м. Коньково, выход №8)",0386,False,POINT (37.520142 55.6345077),12,12,0,9,0
"ул. Новослободская, д.11, стр.1",0406,False,POINT (37.6002618 55.7798721),12,12,0,9,0
"Краснопресненская наб., д.10, стр.5",0226,False,POINT (37.5605165 55.7540692),21,21,0,4,0
"ул. Земляной Вал, д.14/16, стр.1",0138,False,POINT (37.6571565 55.7610338),18,18,0,4,0
"Бережковская наб., д.20, стр.19",0243,False,POINT (37.5517684 55.7331476),36,12,24,6,7
"Краснопресненская наб., д.14, стр.1",0224,False,POINT (37.5465367 55.748965),21,21,0,11,0
"Зубовская пл., д.3, стр.1",0102,False,POINT (37.5861519 55.7383154),24,24,0,11,0
ул. Большая Никитская (напротив д.13),0027,False,POINT (37.6046504 55.7566653),12,12,0,6,0
"ул. Большая Якиманка, д.16 (ст. м. Октябрьская (радиальная))",0059,False,POINT (37.612528 55.730772),30,30,0,14,0
ул. Садовая-Спасская (напротив д.26),0128,False,POINT (37.6429131 55.7703931),18,18,0,8,0
"ул. Малая Грузинская, д.41",0230,False,POINT (37.5730793 55.7724736),12,12,0,10,0
"ул. Старая Басманная, д.21/4, стр.1",0458,False,POINT (37.6641747 55.7671544),12,12,0,8,0
"ул. Красная Пресня, д.31",0221,False,POINT (37.563289 55.762772),36,12,24,11,23
Столешников пер. (напротив д.11),0033,False,POINT (37.61731 55.763407),10,10,0,7,0
"ул. Мантулинская, д.5, стр.21",0223,False,POINT (37.55125 55.755955),12,12,0,1,0
"ул. Мантулинская, д.2",0222,False,POINT (37.558939 55.75685),12,12,0,0,0
"Варшавское ш., д.100",0388,False,POINT (37.6192664 55.6452564),12,12,0,3,0
"ул. Гашека, д.2, стр.1",0233,False,POINT (37.587921 55.767711),12,12,0,9,0
"ул. Дмитрия Ульянова, д.32А",0395,False,POINT (37.5828562 55.6845728),12,12,0,5,0
"ул. Болотниковская, д.34",0325,False,POINT (37.5942492 55.659118),12,12,0,8,0
"Ленинский пр-т, д.69",0319,False,POINT (37.550726 55.69062),15,15,0,8,0
"ул. Большая Тульская, д.13",0272,False,POINT (37.622305 55.710801),12,12,0,8,0
"ул. Валовая, д.20",0150,False,POINT (37.629933 55.730521),12,12,0,10,0
"ул. Плющиха, д.39",0244,False,POINT (37.576753 55.740264),12,12,0,11,0
"Ломоносовский пр-т (дублёр), пересечение с ул. Менделеева",0356,False,POINT (37.522672 55.701742),12,12,0,2,0
ул. Льва Толстого (напротив д.21),0252,False,POINT (37.5862313 55.7344493),8,8,0,0,0
"ул. Миклухо-Маклая, д.44 (вход в Битцевский парк)",0383,False,POINT (37.543148 55.637955),12,12,0,1,0
ст. м. Чертановская (выход №5),0377,False,POINT (37.60489 55.640518),12,12,0,1,0
ул. Академика Хохлова (у входа в ГЗ МГУ),0352,False,POINT (37.530847 55.701597),36,36,0,33,0
"Шмитовский пр., д.16, стр.2",0228,False,POINT (37.5457088 55.7575043),12,12,0,7,0
"ул. Верхняя Масловка, д.10, стр.4",0532,False,POINT (37.56551 55.79306),15,15,0,12,0
"Звенигородское ш., д.7",0229,False,POINT (37.5525262 55.764259),12,12,0,10,0
"пл. Тверская Застава, д.7",0231,False,POINT (37.5830376 55.7770608),27,27,0,18,0
"ул. Шарикоподшипниковская, д.24 (ст. м. Дубровка, выход №3)",0600,False,POINT (37.6763299 55.717707),15,15,0,3,0
"ул. Мытная, д.74",0271,False,POINT (37.621316 55.7120063),24,24,0,19,0
"ул. Сергея Эйзенштейна, д.8",0450,False,POINT (37.6374584 55.8334316),12,12,0,1,0
"ул. Мосфильмовская, д.55",0276,False,POINT (37.49521 55.70393),15,15,0,7,0
"ул. Каланчёвская, д.10, стр.3",0463,False,POINT (37.6501702 55.7763965),12,12,0,5,0
"1-я Останкинская ул, д.55",0474,False,POINT (37.6341961 55.823283),12,12,0,8,0
"ул. Симоновский Вал, д.2",0602,False,POINT (37.6606868 55.7301414),15,15,0,8,0
"ул. Б.Серпуховская, д. 22/21, стр.3 (ст. м. Серпуховская)",0260,False,POINT (37.6250142 55.7266781),12,12,0,12,0
"ул. Новый Арбат, д.1",0050,False,POINT (37.599867 55.752609),12,12,0,10,0
пл. Сретенские ворота (напротив д.1),0034,False,POINT (37.631618 55.766613),15,15,0,3,0
"ул. Новый Арбат, д.21",0053,False,POINT (37.584725 55.752153),12,12,0,1,0
"ул. Мытная, д.15",0265,False,POINT (37.6178259 55.7204756),12,12,0,10,0
"ул. Павловская, д.7",0268,False,POINT (37.62786 55.72113),12,12,0,1,0
ул. Большая Якиманка (напротив д.18),0083,False,POINT (37.6167027 55.7396445),18,18,0,0,0
"Покровский б-р (напротив д.12, стр.1)",0020,False,POINT (37.648355 55.755462),8,8,0,1,0
Тургеневская пл. (ст. м. Тургеневская),0015,False,POINT (37.636329 55.765334),15,15,0,10,0
"Раушская наб., д.14",0057,False,POINT (37.6328433 55.748202),12,12,0,1,0
Никитский б-р (напротив д.23/14/9),0006,False,POINT (37.598667 55.757163),15,15,0,6,0
Страстной б-р (напротив д.16),0011,False,POINT (37.613347 55.768066),8,8,0,5,0
"Берсеньевская наб., д.20/2 (Театр эстрады)",0056,False,POINT (37.610828 55.745244),24,24,0,1,0
"ул. Большая Дмитровка, д.5/6, стр.5",0032,False,POINT (37.615807 55.759865),12,12,0,9,0
"Климентовский пер., д.23, стр.1 (ст. м. Третьяковская)",0075,False,POINT (37.625638 55.740815),12,12,0,10,0
"Смоленский б-р, д.22/14",0104,False,POINT (37.5852946 55.7414275),18,18,0,5,0
"ул. Усачева, д.2, стр.1",0217,False,POINT (37.576903 55.730695),24,24,0,3,0
"ул. Большая Полянка, д.50/1, стр.1",0074,False,POINT (37.620018 55.73218),12,12,0,4,0
"ул. Люсиновская, д.12",0263,False,POINT (37.6223722 55.7241978),12,12,0,8,0
"ул. Фадеева, д.4",0403,False,POINT (37.599413 55.774431),12,12,0,5,0
"ул. Красная Пресня, д.21",0225,False,POINT (37.5706888 55.7615452),15,15,0,9,0
"Лаврушинский пер. (напротив д.4, стр.1)",0070,True,POINT (37.6202 55.743048),12,12,0,11,0
"Благовещенский пер., д.1",0044,False,POINT (37.596239 55.766531),12,12,0,2,0
"Хамовнический Вал, д.40, стр.1",0212,False,POINT (37.550435 55.727595),34,34,0,6,0
"ул. Кузнецкий мост, д.13/9, стр.1",0035,False,POINT (37.623177 55.762217),18,18,0,11,0
"ул. Сокольнический Вал (напротив д.28, стр.1)",0479,False,POINT (37.6669605 55.7916073),12,12,0,8,0
"Ленинградский пр-т, д.14, к.1",0424,False,POINT (37.57797 55.78045),15,15,0,1,0
"Ленинский пр-т, д.34/1",0310,False,POINT (37.578173 55.707107),12,12,0,6,0
"Ленинский пр-т, д.54",0311,False,POINT (37.560729 55.697476),12,12,0,8,0
"2-я Брестская ул., д.31",0232,False,POINT (37.586215 55.7733),12,12,0,10,0
"пер. Сивцев Вражек, д.26, стр.1",0054,False,POINT (37.592209 55.747411),12,12,0,0,0
"2-я Тверская-Ямская ул., д.54",0401,False,POINT (37.589687 55.775457),12,12,0,7,0
"Ленинский пр-т, д.73/8",0320,False,POINT (37.546468 55.688153),15,15,0,10,0
"Ленинский пр-т, д.66",0313,False,POINT (37.550374 55.691214),12,12,0,8,0
"Ломоносовский пр-т (дублёр, напротив д.1, стр.64)",0359,False,POINT (37.533756 55.695176),18,18,0,1,0
ст. м. Краснопресненская,0241,False,POINT (37.5776708 55.7604391),30,12,18,12,17
"Ленинский пр-т, д.9, стр.3",0315,False,POINT (37.605352 55.724388),12,12,0,7,0
"Москворецкая наб., д.2А",0024,False,POINT (37.6386809 55.7478923),15,15,0,1,0
"Ленинский пр-т, д.60/2",0312,False,POINT (37.556333 55.694853),12,12,0,6,0
"ул. Нижняя Масловка, д.5, к.1",0428,False,POINT (37.5841 55.79185),15,15,0,8,0
"Цветной б-р., д.34, стр.1",0122,False,POINT (37.6212721 55.7730885),24,24,0,3,0
"ул. Новокузнецкая, д.43/16, стр.1 (ст. м. Павелецкая (кольцевая))",0148,False,POINT (37.6358074 55.7310887),12,12,0,4,0
"Ленинградский пр-т, д.44",0521,False,POINT (37.5455944 55.7950047),15,15,0,10,0
"Космодамианская наб., д.22, стр.1",0071,False,POINT (37.6417277 55.7434283),12,12,0,5,0
"ул. Пятницкая, д.48, стр.1",0078,False,POINT (37.6276564 55.7353228),12,12,0,8,0
"Ленинградский пр-т, д.54/1",0522,False,POINT (37.53978 55.79759),15,15,0,6,0
"Ленинградский пр-т, д.39, стр.17",0512,False,POINT (37.54216 55.79538),15,15,0,4,0
"ул. Пресненский Вал, д.24",0237,False,POINT (37.5655623 55.7692458),12,12,0,10,0
"Мичуринский пр-т, д.12, к.1",0300,False,POINT (37.5073382 55.7032223),12,12,0,10,0
"пр-т Вернадского, д.11/19",0302,False,POINT (37.530764 55.6897298),12,12,0,4,0
"пр-т Вернадского, д.14",0303,False,POINT (37.5045648 55.6765135),12,12,0,10,0
"Ленинский пр-т, д.86",0314,False,POINT (37.529704 55.6780815),12,12,0,9,0
"Ленинский пр-т, д.15А",0316,False,POINT (37.6002317 55.7210015),18,18,0,2,0
"ул. Шаболовка, д.32",0340,False,POINT (37.6083998 55.7187566),24,24,0,7,0
"Ленинградский пр-т, д.33, к.1",0513,False,POINT (37.56091 55.78654),15,15,0,7,0
"Ленинский пр-т, д.27",0346,False,POINT (37.5931 55.71599),12,12,0,6,0
"ул. Шверника, д.13, к.1",0347,True,POINT (37.5890604 55.6914923),12,12,0,0,0
"ул. Мосфильмовская, д.17/25",0348,False,POINT (37.5159465 55.7155927),12,12,0,5,0
"Ломоносовский пр-т, д.43/40",0354,False,POINT (37.5072476 55.7105268),12,12,0,6,0
"Ломоносовский пр-т, д.2/62, стр.8",0361,False,POINT (37.5521608 55.6846569),12,12,0,6,0
"ул. Велозаводская, д.2",0613,False,POINT (37.6637295 55.7170746),15,15,0,3,0
"Хоромный туп, д.2/6 (ст. м. Красные Ворота)",0130,False,POINT (37.649046 55.768248),24,24,0,10,0
"ул. Азовская, напротив д.24",0291,False,POINT (37.5975719 55.6464942),10,10,0,1,0
"ул. Профсоюзная, д.55",0288,False,POINT (37.5492 55.66466),12,12,0,2,0
"ул. Вавилова, д.32, стр.1",0306,False,POINT (37.57283 55.69826),12,12,0,7,0
"Комсомольский пр-т, д.5/2",0253,False,POINT (37.59244 55.73208),12,12,0,4,0
"ул. Костикова (2-я Звенигородская ул., д.13, стр.42)",0255,False,POINT (37.55135 55.7612),24,24,0,10,0
"ул. Большая Садовая, д.1",0114,False,POINT (37.590813 55.766245),12,12,0,5,0
"Новинский б-р, д.27, стр.2",0108,False,POINT (37.583633 55.756668),12,12,0,7,0
"Георгиевский пер., д.2",0042,False,POINT (37.6142074 55.7584711),12,12,0,7,0
МЦК Хорошёво,0515,False,POINT (37.506187 55.776742),27,27,0,9,0
"Саввинская наб., д.9",0259,False,POINT (37.5683739 55.7371931),21,21,0,9,0
"2-я Бауманская ул., д.3",0652,False,POINT (37.684929 55.768817),15,15,0,1,0
"1-я Тверская-Ямская ул., д.11",0086,False,POINT (37.5916535 55.7724933),15,15,0,4,0
"Большая Сухаревская пл., д.2 (ст. м. Сухаревская)",0125,False,POINT (37.632814 55.772192),24,24,0,14,0
"ул. Большая Грузинская, д.39",0234,False,POINT (37.581862 55.769853),12,12,0,9,0
"1-я Дубровская ул., д.7/10",0606,False,POINT (37.670731 55.725931),15,15,0,7,0
"ул. Стромынка, д.7, к.4",0490,False,POINT (37.6871517 55.7919252),12,12,0,11,0
Чистопрудный б-р (ст. м. Чистые пруды),0037,False,POINT (37.639141 55.764719),24,24,0,17,0
Дворцовая аллея (Пл. Космонавта Комарова),0531,False,POINT (37.55366 55.79435),15,15,0,4,0
"ул. 800-летия Москвы, д.11, к.1",0437,True,POINT (37.5660673 55.8818528),15,15,0,15,0
"5-й Лучевой просек, д.5А, стр.1 (парк Сокольники)",0499,False,POINT (37.674249 55.7995391),28,28,0,2,0
"пр-т Вернадского, д.70А",0284,False,POINT (37.49611 55.67144),12,12,0,0,0
"Петровско-Разумовский пр-д, д.24, к.4",0530,False,POINT (37.56302 55.8031),15,15,0,9,0
"Ходынский б-р, д.3",0504,False,POINT (37.53766 55.78664),15,15,0,4,0
"ул. Гризодубовой, д.2",0505,False,POINT (37.53099 55.7822),15,15,0,14,0
"3-я Песчаная ул., д.2",0502,False,POINT (37.51299 55.79227),15,15,0,1,0
"Рижский пр-д, д.8",0448,False,POINT (37.66064 55.81372),15,15,0,14,0
"пр-т Мира, д.142, стр.2 (ст. м. ВДНХ, выход к ул. Кибальчича)",0476,False,POINT (37.64044 55.81938),15,15,0,5,0
"ул. Нижняя Красносельская, д.40/12, к.11",0456,False,POINT (37.6726 55.77471),15,15,0,6,0
"5-я ул. Ямского поля, д.24",0426,False,POINT (37.57815 55.78834),15,15,0,4,0
"Триумфальная пл., д.2 (вход в сад Аквариум)",0115,False,POINT (37.594487 55.768127),20,20,0,6,0
"ул. Садовая-Тиумфальная, д.4/10",0116,False,POINT (37.5997612 55.7708538),12,12,0,10,0
"ул. Улофа Пальме, д.1",0392,False,POINT (37.513659 55.717902),12,12,0,2,0
"ул. Люсиновская, д.2 (ст. м. Добрынинская)",0264,False,POINT (37.6231799 55.7290315),12,12,0,7,0
"ул. Руставели, д.19 (ст. м.  Бутырская)",0537,False,POINT (37.6011372 55.8142078),24,24,0,3,0
"ул. Тверская, д.18",0046,False,POINT (37.6043076 55.7657169),18,18,0,7,0
"Преображенская пл., д.12 (ст. м. Преображенская площадь)",0539,False,POINT (37.714144 55.794816),21,21,0,3,0
"Ломоносовский пр-т, д.29, к.3 (ст. м. Ломоносовский пр-т, выход №2)",0355,False,POINT (37.514291 55.705293),12,12,0,2,0
"ул. Б. Каменщики, д.8",0610,False,POINT (37.65628 55.735005),12,12,0,5,0
"Токмаков пер., д.12/20",0654,False,POINT (37.6698876 55.7655969),15,15,0,9,0
"ул. Большая Почтовая, д.7, стр. 1",0655,False,POINT (37.692317 55.775968),15,15,0,3,0
"Сокольническая пл., д.7",0487,False,POINT (37.6779952 55.7921729),24,24,0,6,0
"Звёздный б-р, д.18/1",0472,False,POINT (37.6299313 55.8154706),12,12,0,12,0
Болотная пл. (напротив к/т Ударник),0082,False,POINT (37.615425 55.744008),21,21,0,3,0
"ул. Краснопрудная, д.13А (ст. м. Красносельская)",0455,False,POINT (37.6661093 55.7798124),18,18,0,12,0
"ул. Дубининская, д.25, стр.1",0267,False,POINT (37.637515 55.726421),12,12,0,3,0
"Варшавское ш., д.12",0278,False,POINT (37.62041 55.69684),12,12,0,4,0
"Варшавское ш., д.26 (ст. м. Нагатинская)",0280,False,POINT (37.62275 55.68397),12,12,0,4,0
ул. Орджоникидзе (напротив д.5),0273,False,POINT (37.60075 55.7107),12,12,0,6,0
"ул. Полковая, д.1, стр.2",0533,False,POINT (37.602618 55.798216),12,12,0,2,0
ст. м. Динамо (южный выход),0520,False,POINT (37.55936 55.78894),21,21,0,7,0
"Ленинградский пр-т, д.62А (ст. м. Аэропорт, выход в город к ул. Черняховского)",0523,False,POINT (37.53124 55.80132),24,24,0,7,0
"Мичуринский пр-т, д.31, к.4",0279,False,POINT (37.4960798 55.6946806),15,15,0,2,0
"ул. Удальцова, д.40А",0281,False,POINT (37.49097 55.68298),15,15,0,6,0
"пр-т Вернадского, д.12",0282,False,POINT (37.51531 55.68228),15,15,0,4,0
"пр-т Вернадского, д.86Д",0287,False,POINT (37.48128 55.66072),15,15,0,10,0
"пр-д Берёзовой Рощи, д.2",0506,True,POINT (37.5198 55.78611),15,15,0,8,0
"пр-т Мира, д.182",0536,False,POINT (37.64784 55.82637),15,15,0,11,0
"ул. Краснобогатырская, д.89",0494,False,POINT (37.71148 55.80138),12,12,0,7,0
"пр-т Мира, д.123",0535,False,POINT (37.64668 55.82667),12,12,0,11,0
"ул. Профсоюзная, д.43 (ст. м. Новые Черёмушки, выход №2)",0292,False,POINT (37.5539 55.66923),12,12,0,6,0
"ул. Земляной Вал, д.33",0141,False,POINT (37.6580268 55.7569598),12,12,0,7,0
"ул. Б. Каменщики, д.2 (ст. м. Таганская (радиальная))",0601,False,POINT (37.6531291 55.7390591),15,15,0,8,0
"ул. Воронцовская, д.50 (ст. м. Крестьянская Застава)",0604,False,POINT (37.665312 55.7323179),15,15,0,6,0
"1-я Тверская-Ямская ул., д.4 (ст. м. Маяковская, выход на 1-ю Тверскую-Ямскую ул.)",0048,False,POINT (37.5943833 55.7712466),18,18,0,12,0
"ул. Пречистенка, д.12/2, стр.1",0062,False,POINT (37.5977164 55.7434021),18,18,0,4,0
"пл. Джавахарлала Неру, д.1 (ст. м. Университет, выход №2)",0360,False,POINT (37.535463 55.693257),30,30,0,20,0
"ул. Таганская, д.31/22",0615,False,POINT (37.6699924 55.7394363),12,12,0,5,0
"пр-т Мира, д.163",0446,False,POINT (37.6541501 55.8339685),12,12,0,9,0
"пр-т Мира, д.111 (ст. м. ВДНХ, выход к Звёздному бульвару)",0444,False,POINT (37.6393391 55.8195275),12,12,0,3,0
Продольный пр-д (у главного входа ВДНХ),0466,False,POINT (37.6391911 55.825363),48,48,0,3,0
"ул. Профсоюзная, д.46, к.1",0331,False,POINT (37.557668 55.6736328),12,12,0,6,0
"ул. Профсоюзная, д.7/12",0330,False,POINT (37.5701523 55.6843417),12,12,0,6,0
"2-й Щемиловский пер., д.14",0410,False,POINT (37.6089126 55.778327),12,12,0,9,0
"ул. Дмитрия Ульянова, д.24 (ст. м. Академическая)",0397,False,POINT (37.573843 55.687648),18,18,0,13,0
"Ломоносовский пр-т (дублёр), пересечение с ул. Лебедева",0358,False,POINT (37.528489 55.698436),12,12,0,0,0
"Павелецкая пл., д.1А",0149,False,POINT (37.637229 55.7299466),12,12,0,4,0
"Чапаевский пер., д.2",0510,False,POINT (37.52036 55.80273),15,15,0,6,0
"ул. Трифоновская, д.61, к.1",0429,False,POINT (37.63324 55.7904),12,12,0,9,0
"ул. Новослободская, д.2 (ст. м. Новослободская)",0409,False,POINT (37.60095 55.77946),24,24,0,9,0
"ул. Новый Арбат, д.22",0051,False,POINT (37.58883 55.75285),12,12,0,1,0
"5-й Донской пр-д, д.15",0274,False,POINT (37.59906 55.70806),12,12,0,2,0
"ул. Генерала Ермолова, д.4",0257,False,POINT (37.51768 55.73511),12,12,0,10,0
"Ленинградский пр-т, д.73 (ст. м. Сокол, выход №1)",0509,False,POINT (37.51517 55.80443),15,15,0,11,0
"Ленинградский пр-т, д.68",0524,False,POINT (37.5212331 55.8037654),15,15,0,2,0
"ул. Куусинена, д.13",0501,False,POINT (37.51401 55.78389),15,15,0,10,0
Славянская площадь (напротив д.2),0041,False,POINT (37.634688 55.754015),15,15,0,2,0
"Никитский б-р (напротив д.8А/3,  стр.1)",0052,False,POINT (37.6014341 55.7530475),12,12,0,5,0
"ул. Садовая-Кудринская, д.1-3а",0111,False,POINT (37.5848176 55.7597006),12,12,0,2,0
"ул. Старая Басманная, д.15, стр.2 (Сад им. Баумана)",0650,False,POINT (37.660107 55.76547),15,15,0,15,0
"Нахимовский пр-т, д.11 (ст. м. Нахимовский пр-т, выход №4)",0391,False,POINT (37.6066403 55.6636625),12,12,0,8,0
"пр-т Мира, д.69, стр.1",0442,False,POINT (37.6347031 55.7865412),12,12,0,5,0
"ул. Щепкина, д.61/2, стр.22",0432,False,POINT (37.6290169 55.7886534),12,12,0,3,0
"ул. Каховка, д.10/12, к.1",0326,False,POINT (37.5807208 55.6534724),12,12,0,12,0
"ул. Азовская, д.24, корп.2 (ст. м. Каховская, выход №2)",0373,False,POINT (37.5964086 55.6523999),12,12,0,2,0
"Ленинский пр-т, д.99",0322,False,POINT (37.5201768 55.6705635),12,12,0,10,0
"ул. Каховка, д.2 (пересечение с ул. Одесской)",0327,False,POINT (37.5883617 55.6516665),12,12,0,9,0
"ул. Профсоюзная, д.82, к.1 (ст. м. Калужская)",0335,False,POINT (37.539523 55.6565141),12,12,0,1,0
"ул. Крымский Вал, д.9, стр.1 (напротив входа в Парк Горького)",0157,False,POINT (37.6048252 55.731981),44,44,0,21,0
"1-й Красногвардейский пр-д, д.13, стр.1",0251,False,POINT (37.5409806 55.7521422),12,12,0,9,0
"Варшавское ш., д.58, стр.3",0290,False,POINT (37.61995 55.66388),12,12,0,4,0
"ул. Удальцова, д.6",0285,False,POINT (37.51384 55.67341),12,12,0,7,0
"ул. Большая Переяславская, д.15",0436,False,POINT (37.64036 55.787),15,15,0,14,0
"пр-т Мира, д.122",0447,False,POINT (37.63841 55.81359),15,15,0,9,0
"Турчанинов пер., д.3, стр. 1 (ст. м. Парк Культуры)",0152,False,POINT (37.595854 55.736359),12,12,0,4,0
"Смоленская пл., д.6, стр.1 (рядом со ст. м. Смоленская)",0106,False,POINT (37.582947 55.748114),12,12,0,4,0
"ул. Крымский Вал, д.3 (ст. м. Октябрьская)",0158,False,POINT (37.6102521 55.7301022),24,24,0,3,0
"7-й Ростовский пер., д.11",0247,False,POINT (37.5728133 55.7403289),12,12,0,6,0
"Якиманская наб., д.2",0069,False,POINT (37.610879 55.7390438),18,18,0,1,0
"ул. Каретный Ряд, д.3, стр.11",0047,False,POINT (37.6116459 55.7700911),12,12,0,6,0
"Цветной б-р (напротив д.1, ст. м. Трубная)",0012,False,POINT (37.621486 55.768003),12,12,0,6,0
"ул. Велозаводская, д.11/1",0608,False,POINT (37.6663363 55.7110537),15,15,0,5,0
"ул. Селезнёвская, д.29, стр.1 (ст. м. Достоевская)",0411,False,POINT (37.6144726 55.7817849),12,12,0,4,0
"Комсомольская пл., д.5",0483,False,POINT (37.6591375 55.7766712),32,32,0,22,0
ст. м. Ботанический сад (ул. Вильгельма Пика),0452,False,POINT (37.6364267 55.8434843),12,12,0,11,0
"ул. Планетная, д.17",0529,False,POINT (37.54917 55.80034),15,15,0,15,0
"ул. Орджоникидзе, д.11, стр.1/2",0341,False,POINT (37.5943736 55.7098155),12,12,0,10,0
"Бескудниковский б-р, д.29, к.1",0454,True,POINT (37.5548583 55.8712028),12,12,0,12,0
"ул. Сущёвская, д.21, стр.10",0418,False,POINT (37.60152 55.78241),12,12,0,11,0
"Нахимовский пр-т, д.10",0289,False,POINT (37.59469 55.66734),12,12,0,3,0
"ул. Гарибальди, д.20/29, к.2",0286,False,POINT (37.54503 55.6734),12,12,0,6,0
"ул. Правды, д.24, стр.4",0427,False,POINT (37.5824392 55.78876254),15,15,0,0,0
"ул. Дубовая Роща, д.21 (платформа ""Останкино"")",0534,True,POINT (37.603052 55.818213),12,12,0,11,0
"ул. Бакунинская, д.73, стр.1",0497,False,POINT (37.69265 55.77983),12,12,0,0,0
"ул. Электрозаводская, д.21, стр.13",0496,False,POINT (37.70286 55.78491),12,12,0,5,0
"ул. Космонавтов, д.19",0486,False,POINT (37.66289 55.82139),15,15,0,15,0
"ул. Краснобогатырская, д.62",0493,False,POINT (37.7067 55.80549),12,12,0,5,0
"ул. Авиаконструктора Микояна, д.10",0503,False,POINT (37.5272596 55.7918581),15,15,0,1,0
"ул. Усачева, д. 26 (Усачёвский рынок)",0220,False,POINT (37.567605 55.727227),48,25,23,12,15
"Кудринская пл., д.46/54, стр.1",0110,False,POINT (37.584875 55.75849),12,12,0,4,0
"ул. Б. Семёновская, вл.26 (ст. м. Электрозаводская)",0543,False,POINT (37.705593 55.7819567),24,24,0,24,0
"мкрн. Чертаново Северное, д.4, к.401",0378,False,POINT (37.594296 55.636752),12,12,0,7,0
"ул. Гарибальди, д.6, к.1",0329,False,POINT (37.5372313 55.6760559),12,12,0,5,0
"пр-т Мира, д.92, стр.2 (ст. м. Рижская)",0433,False,POINT (37.635781 55.7922984),30,30,0,22,0
"Калужская пл., д.1, к.3",0304,False,POINT (37.6121883 55.7277408),12,12,0,6,0
"ул. Пятницкая, д.25, стр.1Д (рядом со ст. м. Новокузнецкая)",0076,False,POINT (37.6286203 55.7420854),16,16,0,2,0
"Бескудниковский б-р, д.35, стр.1",0425,True,POINT (37.5504943 55.8736631),15,15,0,15,0
"ул. Шаболовка, д.43, стр.5",0270,False,POINT (37.60758 55.71573),12,12,0,8,0
"Кутузовский пр-т, д.35/30",0249,False,POINT (37.5370538 55.7391344),20,20,0,0,0
"ул. Новопесчаная, д.10, стр.1",0507,False,POINT (37.5145568 55.7991006),15,15,0,8,0
"ул. Часовая, д.24, стр.3",0525,False,POINT (37.5252605 55.8112525),15,15,0,8,0
"ул. Бутырский Вал, д.32",0419,False,POINT (37.58714 55.78427),15,15,0,11,0
"ул. Кибальчича, д.9",0449,False,POINT (37.6468 55.81665),15,15,0,14,0
"пр-т Мира, д.150",0498,False,POINT (37.64387 55.82257),15,15,0,5,0
"пр-т Вернадского, д.76А",0283,False,POINT (37.49052 55.67204),15,15,0,7,0
"ул. Садовая-Кудринская, д.32, стр.2",0113,False,POINT (37.5907248 55.765695),12,12,0,2,0
"ул. Садовая-Триумфальная, д.22/31",0117,False,POINT (37.60339 55.77198),18,18,0,10,0
"Кутузовский пр-т, д.37 (ст.м. Кутузовская)",0256,False,POINT (37.5340619 55.7396177),27,27,0,10,0
"Пречистенская наб., д.15, стр.2",0063,False,POINT (37.605304 55.738605),15,15,0,6,0
ст. м. Семёновская,0540,False,POINT (37.7188593 55.7829536),24,24,0,9,0
"ул. Тверская, д.31/4, стр.2 (ст.м. Маяковская, выход на Тверскую ул.)",0045,False,POINT (37.596613 55.769393),18,18,0,17,0
"Звенигородское ш., д.15/11",0227,False,POINT (37.546261 55.764887),15,15,0,11,0
"3-й Крутицкий пер., д.13, стр.2 (ст. м. Пролетарская)",0605,False,POINT (37.664271 55.7311383),24,24,0,10,0
"ул. Симоновский Вал, д.13, к.2",0607,False,POINT (37.6639974 55.7232251),15,15,0,6,0
"пр-т Вернадского, ост. Университетский пр-т",0301,False,POINT (37.545765 55.700717),12,12,0,5,0
"Хорошёвское ш., д.82 (ст. м. Полежаевская)",0500,False,POINT (37.5212052 55.7779297),15,15,0,12,0
"Шмитовский пр-д, д.9/5",0254,False,POINT (37.55293 55.75851),12,12,0,2,0
"Ленинградский пр-т, д.49/2 (ст. м. Аэропорт)",0511,False,POINT (37.53027 55.80055),15,15,0,8,0
"ул. Преображенский Вал, д.24, к.3",0495,False,POINT (37.71599 55.7907),12,12,0,6,0
"Ленинский пр-т, д. 4 (у главного входа в МИСИС)",0154,False,POINT (37.610612 55.728329),18,18,0,11,0
"Нововаганьковский пер., д.9",0239,False,POINT (37.5659411 55.7590698),12,12,0,0,0
"Ленинский пр-т, д.33",0317,False,POINT (37.587744 55.712075),12,12,0,6,0
"ул. Профсоюзная, д.104 (ст. м. Беляево, южный вестибюль)",0334,False,POINT (37.5256107 55.6420084),12,12,0,11,0
"ул. Криворожская, д.33Г",0353,False,POINT (37.6090521 55.6716545),12,12,0,7,0
"ул. Академика Королёва, д.12А",0473,False,POINT (37.6042362 55.8218703),12,12,0,10,0
"ул. Милашенкова, д.1 (ст. м. Фонвизинская)",0538,False,POINT (37.589078 55.8218449),24,24,0,14,0
